finger,height
10,56
10.3,57
9.9,58
10.2,58
10.2,58
10.3,58
10.4,58
10.7,58
10,59
10.1,59
10.2,59
10.2,59
10.3,59
10.3,59
10.3,59
10.4,59
10.5,59
10.6,59
10.7,59
10.7,59
10.8,59
10.8,59
11,59
11,59
11.1,59
11.1,59
11.1,59
11.2,59
11.2,59
11.2,59
11.3,59
9.9,60
10,60
10,60
10.1,60
10.1,60
10.1,60
10.2,60
10.2,60
10.3,60
10.3,60
10.4,60
10.4,60
10.5,60
10.5,60
10.5,60
10.6,60
10.6,60
10.6,60
10.6,60
10.7,60
10.7,60
10.7,60
10.7,60
10.8,60
10.8,60
10.8,60
10.8,60
10.8,60
10.9,60
10.9,60
11,60
11,60
11,60
11,60
11,60
11,60
11.1,60
11.1,60
11.1,60
11.2,60
11.2,60
11.4,60
11.4,60
11.4,60
11.6,60
11.6,60
11.8,60
11.9,60
9.5,61
10.1,61
10.2,61
10.3,61
10.3,61
10.4,61
10.4,61
10.4,61
10.5,61
10.5,61
10.5,61
10.5,61
10.5,61
10.5,61
10.5,61
10.6,61
10.6,61
10.6,61
10.6,61
10.6,61
10.7,61
10.7,61
10.7,61
10.7,61
10.7,61
10.7,61
10.7,61
10.7,61
10.7,61
10.8,61
10.8,61
10.8,61
10.8,61
10.8,61
10.8,61
10.9,61
10.9,61
10.9,61
10.9,61
10.9,61
10.9,61
11,61
11,61
11,61
11,61
11,61
11,61
11,61
11,61
11,61
11,61
11,61
11,61
11.1,61
11.1,61
11.1,61
11.1,61
11.1,61
11.1,61
11.1,61
11.1,61
11.1,61
11.1,61
11.1,61
11.1,61
11.2,61
11.2,61
11.2,61
11.2,61
11.2,61
11.2,61
11.2,61
11.3,61
11.3,61
11.3,61
11.3,61
11.3,61
11.4,61
11.4,61
11.4,61
11.4,61
11.5,61
11.5,61
11.5,61
11.5,61
11.5,61
11.6,61
11.7,61
11.7,61
11.9,61
9.8,62
9.9,62
10,62
10,62
10.3,62
10.3,62
10.3,62
10.4,62
10.4,62
10.4,62
10.5,62
10.5,62
10.5,62
10.5,62
10.5,62
10.5,62
10.6,62
10.6,62
10.6,62
10.6,62
10.6,62
10.6,62
10.6,62
10.6,62
10.6,62
10.7,62
10.7,62
10.7,62
10.7,62
10.7,62
10.7,62
10.7,62
10.7,62
10.7,62
10.7,62
10.7,62
10.7,62
10.7,62
10.7,62
10.8,62
10.8,62
10.8,62
10.8,62
10.8,62
10.8,62
10.8,62
10.8,62
10.8,62
10.8,62
10.8,62
10.8,62
10.8,62
10.8,62
10.9,62
10.9,62
10.9,62
10.9,62
10.9,62
10.9,62
10.9,62
10.9,62
10.9,62
10.9,62
10.9,62
10.9,62
10.9,62
10.9,62
11,62
11,62
11,62
11,62
11,62
11,62
11,62
11,62
11,62
11,62
11,62
11,62
11,62
11,62
11,62
11.1,62
11.1,62
11.1,62
11.1,62
11.1,62
11.1,62
11.1,62
11.1,62
11.1,62
11.1,62
11.1,62
11.1,62
11.1,62
11.1,62
11.1,62
11.1,62
11.1,62
11.1,62
11.1,62
11.1,62
11.1,62
11.1,62
11.2,62
11.2,62
11.2,62
11.2,62
11.2,62
11.2,62
11.2,62
11.2,62
11.2,62
11.2,62
11.2,62
11.2,62
11.2,62
11.2,62
11.2,62
11.2,62
11.2,62
11.2,62
11.2,62
11.2,62
11.2,62
11.3,62
11.3,62
11.3,62
11.3,62
11.3,62
11.3,62
11.3,62
11.3,62
11.3,62
11.3,62
11.4,62
11.4,62
11.4,62
11.4,62
11.4,62
11.4,62
11.4,62
11.4,62
11.4,62
11.5,62
11.5,62
11.5,62
11.5,62
11.5,62
11.5,62
11.5,62
11.5,62
11.5,62
11.5,62
11.5,62
11.6,62
11.6,62
11.6,62
11.6,62
11.7,62
11.7,62
11.7,62
11.7,62
11.7,62
11.7,62
11.7,62
11.7,62
11.7,62
11.8,62
11.8,62
11.9,62
11.9,62
12,62
12.2,62
12.4,62
10.1,63
10.2,63
10.2,63
10.3,63
10.3,63
10.3,63
10.3,63
10.3,63
10.4,63
10.4,63
10.4,63
10.4,63
10.5,63
10.5,63
10.5,63
10.5,63
10.6,63
10.6,63
10.6,63
10.6,63
10.6,63
10.6,63
10.6,63
10.6,63
10.6,63
10.6,63
10.6,63
10.6,63
10.6,63
10.6,63
10.7,63
10.7,63
10.7,63
10.7,63
10.7,63
10.7,63
10.7,63
10.7,63
10.7,63
10.7,63
10.7,63
10.7,63
10.7,63
10.7,63
10.7,63
10.7,63
10.8,63
10.8,63
10.8,63
10.8,63
10.8,63
10.8,63
10.8,63
10.8,63
10.8,63
10.8,63
10.8,63
10.8,63
10.8,63
10.8,63
10.8,63
10.8,63
10.8,63
10.8,63
10.8,63
10.8,63
10.8,63
10.8,63
10.8,63
10.8,63
10.8,63
10.8,63
10.8,63
10.9,63
10.9,63
10.9,63
10.9,63
10.9,63
10.9,63
10.9,63
10.9,63
10.9,63
10.9,63
10.9,63
10.9,63
10.9,63
10.9,63
10.9,63
10.9,63
10.9,63
10.9,63
10.9,63
10.9,63
10.9,63
10.9,63
10.9,63
10.9,63
11,63
11,63
11,63
11,63
11,63
11,63
11,63
11,63
11,63
11,63
11,63
11,63
11,63
11,63
11,63
11,63
11,63
11,63
11,63
11,63
11,63
11,63
11,63
11,63
11,63
11,63
11,63
11,63
11,63
11,63
11,63
11.1,63
11.1,63
11.1,63
11.1,63
11.1,63
11.1,63
11.1,63
11.1,63
11.1,63
11.1,63
11.1,63
11.1,63
11.1,63
11.1,63
11.1,63
11.1,63
11.1,63
11.1,63
11.1,63
11.1,63
11.1,63
11.1,63
11.1,63
11.1,63
11.1,63
11.1,63
11.2,63
11.2,63
11.2,63
11.2,63
11.2,63
11.2,63
11.2,63
11.2,63
11.2,63
11.2,63
11.2,63
11.2,63
11.2,63
11.2,63
11.2,63
11.2,63
11.2,63
11.2,63
11.2,63
11.2,63
11.2,63
11.2,63
11.2,63
11.2,63
11.2,63
11.2,63
11.2,63
11.2,63
11.2,63
11.2,63
11.3,63
11.3,63
11.3,63
11.3,63
11.3,63
11.3,63
11.3,63
11.3,63
11.3,63
11.3,63
11.3,63
11.3,63
11.3,63
11.3,63
11.3,63
11.3,63
11.3,63
11.3,63
11.3,63
11.3,63
11.3,63
11.3,63
11.3,63
11.3,63
11.4,63
11.4,63
11.4,63
11.4,63
11.4,63
11.4,63
11.4,63
11.4,63
11.4,63
11.4,63
11.4,63
11.4,63
11.4,63
11.4,63
11.4,63
11.4,63
11.4,63
11.4,63
11.4,63
11.4,63
11.4,63
11.4,63
11.4,63
11.4,63
11.4,63
11.4,63
11.4,63
11.4,63
11.4,63
11.5,63
11.5,63
11.5,63
11.5,63
11.5,63
11.5,63
11.5,63
11.5,63
11.5,63
11.5,63
11.5,63
11.5,63
11.5,63
11.5,63
11.5,63
11.5,63
11.5,63
11.6,63
11.6,63
11.6,63
11.6,63
11.6,63
11.6,63
11.6,63
11.6,63
11.6,63
11.6,63
11.6,63
11.6,63
11.6,63
11.7,63
11.7,63
11.7,63
11.7,63
11.7,63
11.7,63
11.7,63
11.7,63
11.7,63
11.7,63
11.7,63
11.7,63
11.7,63
11.7,63
11.7,63
11.7,63
11.7,63
11.8,63
11.8,63
11.8,63
11.8,63
11.8,63
11.8,63
11.8,63
11.8,63
11.8,63
11.8,63
11.8,63
11.9,63
11.9,63
11.9,63
11.9,63
11.9,63
11.9,63
11.9,63
11.9,63
11.9,63
11.9,63
11.9,63
11.9,63
12,63
12,63
12,63
12,63
12.1,63
12.1,63
12.2,63
12.2,63
12.4,63
12.5,63
10.1,64
10.4,64
10.4,64
10.4,64
10.5,64
10.5,64
10.5,64
10.6,64
10.6,64
10.6,64
10.6,64
10.6,64
10.6,64
10.7,64
10.7,64
10.7,64
10.7,64
10.7,64
10.7,64
10.7,64
10.7,64
10.7,64
10.7,64
10.7,64
10.7,64
10.7,64
10.7,64
10.7,64
10.8,64
10.8,64
10.8,64
10.8,64
10.8,64
10.8,64
10.8,64
10.8,64
10.8,64
10.8,64
10.9,64
10.9,64
10.9,64
10.9,64
10.9,64
10.9,64
10.9,64
10.9,64
10.9,64
10.9,64
10.9,64
10.9,64
10.9,64
10.9,64
10.9,64
10.9,64
10.9,64
10.9,64
10.9,64
10.9,64
10.9,64
10.9,64
10.9,64
10.9,64
10.9,64
10.9,64
10.9,64
11,64
11,64
11,64
11,64
11,64
11,64
11,64
11,64
11,64
11,64
11,64
11,64
11,64
11,64
11,64
11,64
11,64
11,64
11,64
11,64
11,64
11,64
11,64
11,64
11,64
11,64
11,64
11,64
11,64
11,64
11,64
11,64
11,64
11,64
11,64
11,64
11,64
11.1,64
11.1,64
11.1,64
11.1,64
11.1,64
11.1,64
11.1,64
11.1,64
11.1,64
11.1,64
11.1,64
11.1,64
11.1,64
11.1,64
11.1,64
11.1,64
11.1,64
11.1,64
11.1,64
11.1,64
11.1,64
11.1,64
11.1,64
11.1,64
11.2,64
11.2,64
11.2,64
11.2,64
11.2,64
11.2,64
11.2,64
11.2,64
11.2,64
11.2,64
11.2,64
11.2,64
11.2,64
11.2,64
11.2,64
11.2,64
11.2,64
11.2,64
11.2,64
11.2,64
11.2,64
11.2,64
11.2,64
11.2,64
11.2,64
11.2,64
11.2,64
11.2,64
11.2,64
11.2,64
11.2,64
11.2,64
11.2,64
11.2,64
11.2,64
11.2,64
11.2,64
11.2,64
11.3,64
11.3,64
11.3,64
11.3,64
11.3,64
11.3,64
11.3,64
11.3,64
11.3,64
11.3,64
11.3,64
11.3,64
11.3,64
11.3,64
11.3,64
11.3,64
11.3,64
11.3,64
11.3,64
11.3,64
11.3,64
11.3,64
11.3,64
11.3,64
11.3,64
11.3,64
11.4,64
11.4,64
11.4,64
11.4,64
11.4,64
11.4,64
11.4,64
11.4,64
11.4,64
11.4,64
11.4,64
11.4,64
11.4,64
11.4,64
11.4,64
11.4,64
11.4,64
11.4,64
11.4,64
11.4,64
11.4,64
11.4,64
11.4,64
11.4,64
11.4,64
11.4,64
11.4,64
11.4,64
11.4,64
11.4,64
11.4,64
11.4,64
11.4,64
11.4,64
11.4,64
11.4,64
11.4,64
11.4,64
11.4,64
11.4,64
11.4,64
11.4,64
11.4,64
11.4,64
11.4,64
11.4,64
11.4,64
11.4,64
11.4,64
11.4,64
11.4,64
11.4,64
11.4,64
11.4,64
11.4,64
11.4,64
11.5,64
11.5,64
11.5,64
11.5,64
11.5,64
11.5,64
11.5,64
11.5,64
11.5,64
11.5,64
11.5,64
11.5,64
11.5,64
11.5,64
11.5,64
11.5,64
11.5,64
11.5,64
11.5,64
11.5,64
11.5,64
11.5,64
11.5,64
11.5,64
11.5,64
11.5,64
11.5,64
11.5,64
11.5,64
11.5,64
11.5,64
11.5,64
11.5,64
11.6,64
11.6,64
11.6,64
11.6,64
11.6,64
11.6,64
11.6,64
11.6,64
11.6,64
11.6,64
11.6,64
11.6,64
11.6,64
11.6,64
11.6,64
11.6,64
11.6,64
11.6,64
11.6,64
11.6,64
11.6,64
11.6,64
11.6,64
11.6,64
11.6,64
11.6,64
11.6,64
11.6,64
11.6,64
11.6,64
11.6,64
11.6,64
11.6,64
11.6,64
11.6,64
11.6,64
11.6,64
11.7,64
11.7,64
11.7,64
11.7,64
11.7,64
11.7,64
11.7,64
11.7,64
11.7,64
11.7,64
11.7,64
11.7,64
11.7,64
11.7,64
11.7,64
11.7,64
11.7,64
11.7,64
11.7,64
11.7,64
11.7,64
11.7,64
11.7,64
11.7,64
11.7,64
11.7,64
11.7,64
11.7,64
11.7,64
11.7,64
11.8,64
11.8,64
11.8,64
11.8,64
11.8,64
11.8,64
11.8,64
11.8,64
11.8,64
11.8,64
11.8,64
11.8,64
11.8,64
11.8,64
11.8,64
11.9,64
11.9,64
11.9,64
11.9,64
11.9,64
11.9,64
11.9,64
11.9,64
11.9,64
11.9,64
12,64
12,64
12,64
12,64
12,64
12,64
12,64
12,64
12.1,64
12.1,64
12.1,64
12.1,64
12.2,64
12.2,64
12.2,64
12.2,64
12.2,64
12.3,64
12.3,64
12.3,64
12.3,64
12.4,64
10,65
10.2,65
10.4,65
10.4,65
10.4,65
10.5,65
10.6,65
10.6,65
10.6,65
10.7,65
10.7,65
10.7,65
10.7,65
10.7,65
10.7,65
10.7,65
10.8,65
10.8,65
10.8,65
10.8,65
10.8,65
10.8,65
10.8,65
10.9,65
10.9,65
10.9,65
10.9,65
10.9,65
10.9,65
10.9,65
10.9,65
10.9,65
10.9,65
10.9,65
10.9,65
10.9,65
10.9,65
11,65
11,65
11,65
11,65
11,65
11,65
11,65
11,65
11,65
11,65
11,65
11,65
11,65
11,65
11,65
11,65
11,65
11,65
11,65
11,65
11,65
11,65
11,65
11,65
11,65
11,65
11,65
11.1,65
11.1,65
11.1,65
11.1,65
11.1,65
11.1,65
11.1,65
11.1,65
11.1,65
11.1,65
11.1,65
11.1,65
11.1,65
11.1,65
11.1,65
11.1,65
11.1,65
11.1,65
11.1,65
11.1,65
11.1,65
11.1,65
11.1,65
11.1,65
11.1,65
11.1,65
11.2,65
11.2,65
11.2,65
11.2,65
11.2,65
11.2,65
11.2,65
11.2,65
11.2,65
11.2,65
11.2,65
11.2,65
11.2,65
11.2,65
11.2,65
11.2,65
11.2,65
11.2,65
11.2,65
11.2,65
11.2,65
11.2,65
11.2,65
11.2,65
11.2,65
11.2,65
11.2,65
11.2,65
11.2,65
11.3,65
11.3,65
11.3,65
11.3,65
11.3,65
11.3,65
11.3,65
11.3,65
11.3,65
11.3,65
11.3,65
11.3,65
11.3,65
11.3,65
11.3,65
11.3,65
11.3,65
11.3,65
11.3,65
11.3,65
11.3,65
11.3,65
11.3,65
11.3,65
11.3,65
11.3,65
11.3,65
11.3,65
11.3,65
11.3,65
11.3,65
11.3,65
11.3,65
11.3,65
11.3,65
11.3,65
11.3,65
11.3,65
11.3,65
11.4,65
11.4,65
11.4,65
11.4,65
11.4,65
11.4,65
11.4,65
11.4,65
11.4,65
11.4,65
11.4,65
11.4,65
11.4,65
11.4,65
11.4,65
11.4,65
11.4,65
11.4,65
11.4,65
11.4,65
11.4,65
11.4,65
11.4,65
11.4,65
11.4,65
11.4,65
11.4,65
11.4,65
11.4,65
11.4,65
11.4,65
11.4,65
11.4,65
11.4,65
11.4,65
11.4,65
11.4,65
11.4,65
11.4,65
11.4,65
11.4,65
11.4,65
11.4,65
11.4,65
11.4,65
11.4,65
11.4,65
11.4,65
11.4,65
11.4,65
11.4,65
11.4,65
11.4,65
11.4,65
11.4,65
11.4,65
11.4,65
11.4,65
11.5,65
11.5,65
11.5,65
11.5,65
11.5,65
11.5,65
11.5,65
11.5,65
11.5,65
11.5,65
11.5,65
11.5,65
11.5,65
11.5,65
11.5,65
11.5,65
11.5,65
11.5,65
11.5,65
11.5,65
11.5,65
11.5,65
11.5,65
11.5,65
11.5,65
11.5,65
11.5,65
11.5,65
11.5,65
11.5,65
11.5,65
11.5,65
11.5,65
11.5,65
11.5,65
11.5,65
11.5,65
11.5,65
11.5,65
11.5,65
11.5,65
11.5,65
11.5,65
11.5,65
11.5,65
11.5,65
11.5,65
11.5,65
11.5,65
11.5,65
11.5,65
11.5,65
11.5,65
11.5,65
11.5,65
11.5,65
11.5,65
11.6,65
11.6,65
11.6,65
11.6,65
11.6,65
11.6,65
11.6,65
11.6,65
11.6,65
11.6,65
11.6,65
11.6,65
11.6,65
11.6,65
11.6,65
11.6,65
11.6,65
11.6,65
11.6,65
11.6,65
11.6,65
11.6,65
11.6,65
11.6,65
11.6,65
11.6,65
11.6,65
11.6,65
11.6,65
11.6,65
11.6,65
11.6,65
11.6,65
11.6,65
11.6,65
11.6,65
11.6,65
11.6,65
11.6,65
11.7,65
11.7,65
11.7,65
11.7,65
11.7,65
11.7,65
11.7,65
11.7,65
11.7,65
11.7,65
11.7,65
11.7,65
11.7,65
11.7,65
11.7,65
11.7,65
11.7,65
11.7,65
11.7,65
11.7,65
11.7,65
11.7,65
11.7,65
11.7,65
11.7,65
11.7,65
11.7,65
11.7,65
11.7,65
11.7,65
11.7,65
11.7,65
11.7,65
11.7,65
11.7,65
11.7,65
11.7,65
11.8,65
11.8,65
11.8,65
11.8,65
11.8,65
11.8,65
11.8,65
11.8,65
11.8,65
11.8,65
11.8,65
11.8,65
11.8,65
11.8,65
11.8,65
11.8,65
11.8,65
11.8,65
11.8,65
11.8,65
11.8,65
11.8,65
11.8,65
11.8,65
11.8,65
11.8,65
11.8,65
11.8,65
11.8,65
11.8,65
11.8,65
11.8,65
11.8,65
11.8,65
11.8,65
11.9,65
11.9,65
11.9,65
11.9,65
11.9,65
11.9,65
11.9,65
11.9,65
11.9,65
11.9,65
11.9,65
11.9,65
11.9,65
11.9,65
11.9,65
11.9,65
11.9,65
11.9,65
11.9,65
11.9,65
11.9,65
11.9,65
11.9,65
11.9,65
11.9,65
11.9,65
11.9,65
12,65
12,65
12,65
12,65
12,65
12,65
12,65
12,65
12,65
12,65
12,65
12,65
12,65
12,65
12,65
12,65
12,65
12,65
12,65
12.1,65
12.1,65
12.1,65
12.1,65
12.1,65
12.1,65
12.1,65
12.1,65
12.1,65
12.1,65
12.1,65
12.1,65
12.1,65
12.2,65
12.2,65
12.2,65
12.2,65
12.2,65
12.2,65
12.3,65
12.3,65
12.3,65
12.3,65
12.3,65
12.3,65
12.3,65
12.3,65
12.4,65
12.4,65
12.5,65
12.6,65
12.7,65
10.5,66
10.5,66
10.5,66
10.6,66
10.7,66
10.7,66
10.7,66
10.8,66
10.9,66
10.9,66
10.9,66
10.9,66
10.9,66
10.9,66
10.9,66
10.9,66
10.9,66
10.9,66
11,66
11,66
11,66
11,66
11,66
11,66
11,66
11,66
11,66
11,66
11,66
11,66
11,66
11,66
11,66
11,66
11,66
11.1,66
11.1,66
11.1,66
11.1,66
11.1,66
11.1,66
11.1,66
11.1,66
11.1,66
11.1,66
11.1,66
11.1,66
11.1,66
11.1,66
11.1,66
11.1,66
11.1,66
11.1,66
11.1,66
11.1,66
11.1,66
11.1,66
11.1,66
11.1,66
11.2,66
11.2,66
11.2,66
11.2,66
11.2,66
11.2,66
11.2,66
11.2,66
11.2,66
11.2,66
11.2,66
11.2,66
11.2,66
11.2,66
11.2,66
11.2,66
11.2,66
11.2,66
11.2,66
11.2,66
11.2,66
11.2,66
11.2,66
11.2,66
11.2,66
11.2,66
11.2,66
11.3,66
11.3,66
11.3,66
11.3,66
11.3,66
11.3,66
11.3,66
11.3,66
11.3,66
11.3,66
11.3,66
11.3,66
11.3,66
11.3,66
11.3,66
11.3,66
11.3,66
11.3,66
11.3,66
11.3,66
11.3,66
11.3,66
11.3,66
11.3,66
11.3,66
11.3,66
11.4,66
11.4,66
11.4,66
11.4,66
11.4,66
11.4,66
11.4,66
11.4,66
11.4,66
11.4,66
11.4,66
11.4,66
11.4,66
11.4,66
11.4,66
11.4,66
11.4,66
11.4,66
11.4,66
11.4,66
11.4,66
11.4,66
11.4,66
11.4,66
11.4,66
11.4,66
11.5,66
11.5,66
11.5,66
11.5,66
11.5,66
11.5,66
11.5,66
11.5,66
11.5,66
11.5,66
11.5,66
11.5,66
11.5,66
11.5,66
11.5,66
11.5,66
11.5,66
11.5,66
11.5,66
11.5,66
11.5,66
11.5,66
11.5,66
11.5,66
11.5,66
11.5,66
11.5,66
11.5,66
11.5,66
11.5,66
11.5,66
11.5,66
11.5,66
11.5,66
11.5,66
11.5,66
11.5,66
11.5,66
11.6,66
11.6,66
11.6,66
11.6,66
11.6,66
11.6,66
11.6,66
11.6,66
11.6,66
11.6,66
11.6,66
11.6,66
11.6,66
11.6,66
11.6,66
11.6,66
11.6,66
11.6,66
11.6,66
11.6,66
11.6,66
11.6,66
11.6,66
11.6,66
11.6,66
11.6,66
11.6,66
11.6,66
11.6,66
11.6,66
11.6,66
11.6,66
11.6,66
11.6,66
11.6,66
11.6,66
11.6,66
11.6,66
11.6,66
11.6,66
11.6,66
11.6,66
11.6,66
11.6,66
11.6,66
11.6,66
11.6,66
11.6,66
11.7,66
11.7,66
11.7,66
11.7,66
11.7,66
11.7,66
11.7,66
11.7,66
11.7,66
11.7,66
11.7,66
11.7,66
11.7,66
11.7,66
11.7,66
11.7,66
11.7,66
11.7,66
11.7,66
11.7,66
11.7,66
11.7,66
11.7,66
11.7,66
11.7,66
11.7,66
11.7,66
11.7,66
11.7,66
11.7,66
11.7,66
11.7,66
11.7,66
11.7,66
11.7,66
11.7,66
11.7,66
11.7,66
11.7,66
11.7,66
11.7,66
11.7,66
11.7,66
11.7,66
11.7,66
11.7,66
11.7,66
11.7,66
11.8,66
11.8,66
11.8,66
11.8,66
11.8,66
11.8,66
11.8,66
11.8,66
11.8,66
11.8,66
11.8,66
11.8,66
11.8,66
11.8,66
11.8,66
11.8,66
11.8,66
11.8,66
11.8,66
11.8,66
11.8,66
11.8,66
11.8,66
11.8,66
11.8,66
11.8,66
11.8,66
11.8,66
11.8,66
11.8,66
11.8,66
11.8,66
11.8,66
11.8,66
11.8,66
11.8,66
11.8,66
11.8,66
11.8,66
11.8,66
11.8,66
11.9,66
11.9,66
11.9,66
11.9,66
11.9,66
11.9,66
11.9,66
11.9,66
11.9,66
11.9,66
11.9,66
11.9,66
11.9,66
11.9,66
11.9,66
11.9,66
11.9,66
11.9,66
11.9,66
11.9,66
11.9,66
11.9,66
11.9,66
11.9,66
11.9,66
11.9,66
11.9,66
11.9,66
11.9,66
11.9,66
11.9,66
11.9,66
12,66
12,66
12,66
12,66
12,66
12,66
12,66
12,66
12,66
12,66
12,66
12,66
12,66
12,66
12,66
12,66
12,66
12,66
12,66
12,66
12,66
12,66
12,66
12,66
12,66
12,66
12,66
12,66
12,66
12,66
12,66
12,66
12,66
12,66
12,66
12,66
12,66
12,66
12,66
12,66
12,66
12,66
12.1,66
12.1,66
12.1,66
12.1,66
12.1,66
12.1,66
12.1,66
12.1,66
12.1,66
12.1,66
12.1,66
12.1,66
12.1,66
12.1,66
12.1,66
12.1,66
12.1,66
12.1,66
12.1,66
12.1,66
12.1,66
12.1,66
12.2,66
12.2,66
12.2,66
12.2,66
12.2,66
12.2,66
12.2,66
12.2,66
12.2,66
12.2,66
12.2,66
12.2,66
12.2,66
12.2,66
12.2,66
12.2,66
12.2,66
12.2,66
12.2,66
12.2,66
12.2,66
12.2,66
12.2,66
12.3,66
12.3,66
12.3,66
12.3,66
12.3,66
12.3,66
12.3,66
12.3,66
12.3,66
12.3,66
12.4,66
12.4,66
12.4,66
12.4,66
12.4,66
12.4,66
12.4,66
12.5,66
12.5,66
12.5,66
12.7,66
12.8,66
13,66
13,66
13,66
13.2,66
10.5,67
10.7,67
10.8,67
10.8,67
10.9,67
10.9,67
10.9,67
10.9,67
11,67
11,67
11,67
11,67
11,67
11,67
11,67
11,67
11,67
11,67
11.1,67
11.1,67
11.1,67
11.1,67
11.1,67
11.1,67
11.1,67
11.2,67
11.2,67
11.2,67
11.2,67
11.2,67
11.2,67
11.2,67
11.2,67
11.2,67
11.2,67
11.2,67
11.2,67
11.2,67
11.2,67
11.2,67
11.2,67
11.2,67
11.2,67
11.2,67
11.2,67
11.3,67
11.3,67
11.3,67
11.3,67
11.3,67
11.3,67
11.3,67
11.3,67
11.3,67
11.3,67
11.3,67
11.3,67
11.3,67
11.3,67
11.3,67
11.3,67
11.3,67
11.3,67
11.3,67
11.3,67
11.3,67
11.3,67
11.3,67
11.3,67
11.4,67
11.4,67
11.4,67
11.4,67
11.4,67
11.4,67
11.4,67
11.4,67
11.4,67
11.4,67
11.4,67
11.4,67
11.4,67
11.4,67
11.4,67
11.4,67
11.4,67
11.4,67
11.4,67
11.4,67
11.4,67
11.4,67
11.5,67
11.5,67
11.5,67
11.5,67
11.5,67
11.5,67
11.5,67
11.5,67
11.5,67
11.5,67
11.5,67
11.5,67
11.5,67
11.5,67
11.5,67
11.5,67
11.5,67
11.5,67
11.5,67
11.5,67
11.5,67
11.5,67
11.5,67
11.5,67
11.5,67
11.5,67
11.5,67
11.5,67
11.5,67
11.5,67
11.5,67
11.5,67
11.5,67
11.5,67
11.6,67
11.6,67
11.6,67
11.6,67
11.6,67
11.6,67
11.6,67
11.6,67
11.6,67
11.6,67
11.6,67
11.6,67
11.6,67
11.6,67
11.6,67
11.6,67
11.6,67
11.6,67
11.6,67
11.6,67
11.6,67
11.6,67
11.6,67
11.6,67
11.6,67
11.6,67
11.6,67
11.6,67
11.6,67
11.6,67
11.6,67
11.6,67
11.6,67
11.6,67
11.6,67
11.6,67
11.6,67
11.6,67
11.7,67
11.7,67
11.7,67
11.7,67
11.7,67
11.7,67
11.7,67
11.7,67
11.7,67
11.7,67
11.7,67
11.7,67
11.7,67
11.7,67
11.7,67
11.7,67
11.7,67
11.7,67
11.7,67
11.7,67
11.7,67
11.7,67
11.7,67
11.7,67
11.7,67
11.7,67
11.7,67
11.7,67
11.7,67
11.7,67
11.7,67
11.7,67
11.7,67
11.7,67
11.7,67
11.7,67
11.7,67
11.7,67
11.7,67
11.7,67
11.7,67
11.7,67
11.7,67
11.7,67
11.7,67
11.8,67
11.8,67
11.8,67
11.8,67
11.8,67
11.8,67
11.8,67
11.8,67
11.8,67
11.8,67
11.8,67
11.8,67
11.8,67
11.8,67
11.8,67
11.8,67
11.8,67
11.8,67
11.8,67
11.8,67
11.8,67
11.8,67
11.8,67
11.8,67
11.8,67
11.8,67
11.8,67
11.8,67
11.8,67
11.8,67
11.8,67
11.8,67
11.8,67
11.8,67
11.9,67
11.9,67
11.9,67
11.9,67
11.9,67
11.9,67
11.9,67
11.9,67
11.9,67
11.9,67
11.9,67
11.9,67
11.9,67
11.9,67
11.9,67
11.9,67
11.9,67
11.9,67
11.9,67
11.9,67
11.9,67
11.9,67
11.9,67
11.9,67
11.9,67
11.9,67
11.9,67
11.9,67
11.9,67
11.9,67
11.9,67
11.9,67
11.9,67
11.9,67
11.9,67
12,67
12,67
12,67
12,67
12,67
12,67
12,67
12,67
12,67
12,67
12,67
12,67
12,67
12,67
12,67
12,67
12,67
12,67
12,67
12,67
12,67
12,67
12,67
12,67
12,67
12,67
12,67
12,67
12,67
12,67
12,67
12,67
12,67
12,67
12,67
12,67
12,67
12,67
12,67
12.1,67
12.1,67
12.1,67
12.1,67
12.1,67
12.1,67
12.1,67
12.1,67
12.1,67
12.1,67
12.1,67
12.1,67
12.1,67
12.1,67
12.1,67
12.1,67
12.1,67
12.1,67
12.1,67
12.1,67
12.1,67
12.1,67
12.1,67
12.1,67
12.1,67
12.1,67
12.1,67
12.1,67
12.2,67
12.2,67
12.2,67
12.2,67
12.2,67
12.2,67
12.2,67
12.2,67
12.2,67
12.2,67
12.2,67
12.2,67
12.2,67
12.2,67
12.2,67
12.2,67
12.2,67
12.3,67
12.3,67
12.3,67
12.3,67
12.3,67
12.3,67
12.3,67
12.3,67
12.3,67
12.3,67
12.3,67
12.3,67
12.3,67
12.4,67
12.4,67
12.4,67
12.4,67
12.4,67
12.4,67
12.4,67
12.4,67
12.4,67
12.4,67
12.4,67
12.4,67
12.5,67
12.5,67
12.5,67
12.5,67
12.5,67
12.5,67
12.5,67
12.5,67
12.5,67
12.5,67
12.5,67
12.5,67
12.6,67
12.6,67
12.6,67
12.7,67
12.7,67
12.7,67
12.7,67
12.7,67
12.7,67
12.7,67
12.8,67
12.8,67
12.9,67
13.1,67
13.2,67
10.7,68
10.7,68
10.8,68
10.9,68
11,68
11,68
11,68
11,68
11,68
11,68
11.1,68
11.1,68
11.1,68
11.1,68
11.2,68
11.2,68
11.2,68
11.2,68
11.3,68
11.3,68
11.3,68
11.3,68
11.3,68
11.3,68
11.3,68
11.4,68
11.4,68
11.4,68
11.4,68
11.4,68
11.4,68
11.4,68
11.4,68
11.4,68
11.4,68
11.5,68
11.5,68
11.5,68
11.5,68
11.5,68
11.5,68
11.5,68
11.5,68
11.5,68
11.5,68
11.5,68
11.5,68
11.5,68
11.5,68
11.5,68
11.5,68
11.5,68
11.5,68
11.5,68
11.5,68
11.5,68
11.5,68
11.5,68
11.5,68
11.5,68
11.6,68
11.6,68
11.6,68
11.6,68
11.6,68
11.6,68
11.6,68
11.6,68
11.6,68
11.6,68
11.6,68
11.6,68
11.6,68
11.6,68
11.6,68
11.6,68
11.6,68
11.6,68
11.6,68
11.6,68
11.6,68
11.6,68
11.6,68
11.6,68
11.6,68
11.6,68
11.6,68
11.7,68
11.7,68
11.7,68
11.7,68
11.7,68
11.7,68
11.7,68
11.7,68
11.7,68
11.7,68
11.7,68
11.7,68
11.7,68
11.7,68
11.7,68
11.7,68
11.7,68
11.7,68
11.7,68
11.7,68
11.7,68
11.7,68
11.7,68
11.7,68
11.8,68
11.8,68
11.8,68
11.8,68
11.8,68
11.8,68
11.8,68
11.8,68
11.8,68
11.8,68
11.8,68
11.8,68
11.8,68
11.8,68
11.8,68
11.8,68
11.8,68
11.8,68
11.8,68
11.8,68
11.8,68
11.8,68
11.8,68
11.8,68
11.8,68
11.8,68
11.8,68
11.8,68
11.8,68
11.9,68
11.9,68
11.9,68
11.9,68
11.9,68
11.9,68
11.9,68
11.9,68
11.9,68
11.9,68
11.9,68
11.9,68
11.9,68
11.9,68
11.9,68
11.9,68
11.9,68
11.9,68
11.9,68
12,68
12,68
12,68
12,68
12,68
12,68
12,68
12,68
12,68
12,68
12,68
12,68
12,68
12,68
12,68
12,68
12,68
12,68
12,68
12,68
12,68
12,68
12.1,68
12.1,68
12.1,68
12.1,68
12.1,68
12.1,68
12.1,68
12.1,68
12.1,68
12.1,68
12.1,68
12.1,68
12.1,68
12.1,68
12.1,68
12.2,68
12.2,68
12.2,68
12.2,68
12.2,68
12.2,68
12.2,68
12.2,68
12.2,68
12.2,68
12.2,68
12.2,68
12.2,68
12.2,68
12.2,68
12.2,68
12.3,68
12.3,68
12.3,68
12.3,68
12.3,68
12.3,68
12.3,68
12.3,68
12.3,68
12.3,68
12.3,68
12.3,68
12.3,68
12.3,68
12.3,68
12.3,68
12.3,68
12.3,68
12.3,68
12.3,68
12.4,68
12.4,68
12.4,68
12.4,68
12.5,68
12.5,68
12.5,68
12.5,68
12.5,68
12.5,68
12.5,68
12.5,68
12.5,68
12.5,68
12.5,68
12.6,68
12.6,68
12.6,68
12.6,68
12.6,68
12.7,68
12.7,68
12.7,68
12.7,68
12.7,68
12.8,68
12.8,68
12.8,68
12.9,68
12.9,68
13,68
13.1,68
10.5,69
10.6,69
11.1,69
11.2,69
11.3,69
11.3,69
11.4,69
11.4,69
11.4,69
11.4,69
11.4,69
11.4,69
11.4,69
11.4,69
11.4,69
11.4,69
11.4,69
11.5,69
11.5,69
11.5,69
11.5,69
11.5,69
11.5,69
11.5,69
11.5,69
11.5,69
11.5,69
11.5,69
11.6,69
11.6,69
11.6,69
11.6,69
11.6,69
11.6,69
11.6,69
11.6,69
11.6,69
11.6,69
11.6,69
11.6,69
11.7,69
11.7,69
11.7,69
11.7,69
11.7,69
11.7,69
11.7,69
11.7,69
11.7,69
11.8,69
11.8,69
11.8,69
11.8,69
11.8,69
11.8,69
11.8,69
11.8,69
11.8,69
11.8,69
11.9,69
11.9,69
11.9,69
11.9,69
11.9,69
11.9,69
11.9,69
11.9,69
11.9,69
11.9,69
12,69
12,69
12,69
12,69
12,69
12,69
12,69
12,69
12,69
12,69
12,69
12,69
12,69
12,69
12,69
12,69
12.1,69
12.1,69
12.1,69
12.1,69
12.1,69
12.1,69
12.1,69
12.1,69
12.1,69
12.1,69
12.1,69
12.1,69
12.1,69
12.1,69
12.1,69
12.1,69
12.1,69
12.1,69
12.1,69
12.1,69
12.1,69
12.1,69
12.1,69
12.1,69
12.1,69
12.1,69
12.1,69
12.2,69
12.2,69
12.2,69
12.2,69
12.2,69
12.2,69
12.2,69
12.2,69
12.2,69
12.2,69
12.2,69
12.3,69
12.3,69
12.3,69
12.3,69
12.3,69
12.3,69
12.3,69
12.3,69
12.3,69
12.3,69
12.3,69
12.3,69
12.3,69
12.3,69
12.3,69
12.3,69
12.3,69
12.3,69
12.3,69
12.3,69
12.3,69
12.3,69
12.3,69
12.4,69
12.4,69
12.4,69
12.4,69
12.4,69
12.4,69
12.4,69
12.5,69
12.5,69
12.5,69
12.5,69
12.5,69
12.5,69
12.5,69
12.5,69
12.6,69
12.6,69
12.6,69
12.6,69
12.6,69
12.6,69
12.6,69
12.7,69
12.7,69
12.7,69
12.7,69
12.7,69
12.8,69
12.9,69
12.9,69
13.2,69
11.5,70
11.5,70
11.6,70
11.6,70
11.7,70
11.7,70
11.7,70
11.7,70
11.7,70
11.7,70
11.7,70
11.7,70
11.7,70
11.8,70
11.8,70
11.8,70
11.8,70
11.8,70
11.9,70
11.9,70
11.9,70
11.9,70
11.9,70
11.9,70
11.9,70
11.9,70
11.9,70
12,70
12,70
12,70
12,70
12,70
12,70
12,70
12,70
12.1,70
12.1,70
12.1,70
12.1,70
12.1,70
12.1,70
12.1,70
12.1,70
12.1,70
12.1,70
12.2,70
12.2,70
12.2,70
12.2,70
12.2,70
12.2,70
12.2,70
12.2,70
12.3,70
12.3,70
12.3,70
12.3,70
12.3,70
12.3,70
12.4,70
12.4,70
12.4,70
12.4,70
12.4,70
12.4,70
12.4,70
12.5,70
12.5,70
12.5,70
12.5,70
12.5,70
12.5,70
12.6,70
12.6,70
12.6,70
12.6,70
12.6,70
12.6,70
12.6,70
12.6,70
12.7,70
12.7,70
12.7,70
12.7,70
12.7,70
12.7,70
12.7,70
12.7,70
12.8,70
12.8,70
12.8,70
12.8,70
12.8,70
12.8,70
12.8,70
12.8,70
13,70
11.6,71
11.6,71
11.7,71
11.7,71
11.8,71
11.9,71
11.9,71
11.9,71
12,71
12,71
12.1,71
12.1,71
12.1,71
12.1,71
12.2,71
12.3,71
12.3,71
12.3,71
12.3,71
12.3,71
12.4,71
12.5,71
12.5,71
12.5,71
12.5,71
12.5,71
12.5,71
12.5,71
12.5,71
12.6,71
12.6,71
12.6,71
12.6,71
12.6,71
12.6,71
12.7,71
12.7,71
12.8,71
12.8,71
12.8,71
12.8,71
12.8,71
12.9,71
13.2,71
13.2,71
13.2,71
11.9,72
12,72
12,72
12.1,72
12.2,72
12.6,72
12.6,72
12.6,72
12.7,72
12.7,72
12.8,72
12.8,72
12.8,72
12.9,72
13,72
13,72
13.3,72
11.6,73
12.5,73
12.5,73
12.6,73
12.8,73
13,73
13.5,73
12.4,74
12.6,74
12.8,74
13.3,74
11.2,77
